<?xml version="1.0" encoding="UTF-8"?>  
<!DOCTYPE hibernate-configuration PUBLIC 
"-//Hibernate/Hibernate Configuration DTD 3.0//EN"  
"http://www.hibernate.org/dtd/hibernate-configuration-3.0.dtd">

<hibernate-configuration>
	<session-factory>
		<property name="dialect">org.hibernate.dialect.Oracle10gDialect</property>
		<!-- testing -->
		<!-- <property name="dialect">org.hibernate.dialect.MySQLDialect</property> -->
		<property name="jdbc.batch_size">20</property>
		<property name="connection.autocommit">true</property>

		<!-- console显示sql语句 -->
		<property name="show_sql">true</property>
		<property name="format_sql">true</property>
		<property name="connection.useUnicode">true</property>
		<property name="connection.characterEncoding">UTF-8</property>
	</session-factory>
</hibernate-configuration>
