<?xml version="1.0" encoding="UTF-8"?>
<beans xmlns="http://www.springframework.org/schema/beans"
	xmlns:xsi="http://www.w3.org/2001/XMLSchema-instance" xmlns:aop="http://www.springframework.org/schema/aop"
	xmlns:p="http://www.springframework.org/schema/p" xmlns:tx="http://www.springframework.org/schema/tx"
	xmlns:context="http://www.springframework.org/schema/context"
	xmlns:mvc="http://www.springframework.org/schema/mvc"
	xsi:schemaLocation="http://www.springframework.org/schema/aop http://www.springframework.org/schema/aop/spring-aop-4.0.xsd
		http://www.springframework.org/schema/mvc http://www.springframework.org/schema/mvc/spring-mvc-4.0.xsd
		http://www.springframework.org/schema/beans http://www.springframework.org/schema/beans/spring-beans-4.0.xsd
		http://www.springframework.org/schema/tx http://www.springframework.org/schema/tx/spring-tx-4.0.xsd
		http://www.springframework.org/schema/context http://www.springframework.org/schema/context/spring-context-4.0.xsd">

	<!-- DispatcherServlet Context: defines this servlet's request-processing 
		infrastructure -->

	<!-- Enables the Spring MVC @Controller programming model, auto register 
		HandlerMapping、HandlerAdapter、ExceptionResolver beans -->
	<mvc:annotation-driven />

	<!-- Mapped URL path "/**" for default servlet handler -->
	<!-- <mvc:default-servlet-handler /> -->
	<!-- Handles HTTP GET requests for /js/** by efficiently serving up static 
		resources in the ${webappRoot}/js directory -->
	<mvc:resources location="/js/" mapping="/js/**" />
	<mvc:resources location="/styles/" mapping="/styles/**" />
	<mvc:resources location="/images/" mapping="/images/**" />

	<!-- Configure to plugin JSON as request and response in method handler -->
	<bean
		class="org.springframework.web.servlet.mvc.method.annotation.RequestMappingHandlerAdapter">
		<property name="messageConverters">
			<list>
				<ref bean="jsonMessageConverter" />
				<ref bean="stringMessageConverter" />
			</list>
		</property>
	</bean>

	<!-- Configure bean to convert JSON to POJO and vice versa -->
	<bean id="jsonMessageConverter"
		class="org.springframework.http.converter.json.MappingJackson2HttpMessageConverter" />
	<!-- StringHttpMessageConverter -->
	<bean id="stringMessageConverter"
		class="org.springframework.http.converter.StringHttpMessageConverter">
		<constructor-arg value="UTF-8" />
	</bean>

	<!-- Resolves views selected for rendering by @Controllers to .jsp resources 
		in the /WEB-INF/views directory -->
	<bean
		class="org.springframework.web.servlet.view.InternalResourceViewResolver">
		<property name="prefix" value="/WEB-INF/views/" />
		<property name="suffix" value=".jsp" />
	</bean>

	<!-- enable @controller annotation -->
	<!-- The source folder of controller -->
	<context:component-scan base-package="com.hkbn.es.**.controller">
		<context:include-filter type="annotation"
			expression="org.springframework.stereotype.Controller" />
		<context:exclude-filter type="annotation"
			expression="org.springframework.stereotype.Service" />
	</context:component-scan>
</beans>
