<?xml version="1.0" encoding="UTF-8"?>
<beans xmlns="http://www.springframework.org/schema/beans"
	xmlns:xsi="http://www.w3.org/2001/XMLSchema-instance" xmlns:aop="http://www.springframework.org/schema/aop"
	xmlns:p="http://www.springframework.org/schema/p" xmlns:tx="http://www.springframework.org/schema/tx"
	xsi:schemaLocation="http://www.springframework.org/schema/beans http://www.springframework.org/schema/beans/spring-beans-4.0.xsd
		http://www.springframework.org/schema/aop http://www.springframework.org/schema/aop/spring-aop-4.0.xsd
		http://www.springframework.org/schema/tx http://www.springframework.org/schema/tx/spring-tx-4.0.xsd">

	<!-- Service -->
	<bean id="cusInfoServiceImpl" class="com.hkbn.es.service.impl.CusInfoServiceImpl">
		<property name="dao" ref="bcCusDaoImpl" />
	</bean>
	<bean id="cusAddrServiceImpl" class="com.hkbn.es.service.impl.CusAddrServiceImpl">
		<property name="dao" ref="bcnAddrMaintDaoImpl" />
	</bean>
	<bean id="cusOptServiceImpl" class="com.hkbn.es.service.impl.CusOptServiceImpl">
		<property name="dao" ref="bcCusOptDaoImpl" />
	</bean>
</beans>
