<?xml version="1.0" encoding="UTF-8"?>
<beans xmlns="http://www.springframework.org/schema/beans"
	xmlns:xsi="http://www.w3.org/2001/XMLSchema-instance" xmlns:aop="http://www.springframework.org/schema/aop"
	xmlns:p="http://www.springframework.org/schema/p" xmlns:tx="http://www.springframework.org/schema/tx"
	xsi:schemaLocation="http://www.springframework.org/schema/aop http://www.springframework.org/schema/aop/spring-aop-4.0.xsd
		http://www.springframework.org/schema/beans http://www.springframework.org/schema/beans/spring-beans-4.0.xsd
		http://www.springframework.org/schema/tx http://www.springframework.org/schema/tx/spring-tx-4.0.xsd">

	<!-- jdbc configuration -->
	<bean id="propertyConfigurer"
		class="org.springframework.beans.factory.config.PropertyPlaceholderConfigurer">
		<property name="locations">
			<list>
				<value>classpath:jdbc.properties</value>
			</list>
		</property>
	</bean>

	<!-- 定义数据源Bean，使用C3P0数据源实现 -->
	<!-- 设置连接数据库的驱动、URL、用户名、密码 连接池最大连接数、最小连接数、初始连接数等参数 -->
	<bean id="dataSource" class="com.mchange.v2.c3p0.ComboPooledDataSource"
		destroy-method="close">
		<property name="jdbcUrl" value="${jdbc.url}"></property>
		<property name="driverClass" value="${jdbc.driverClassName}"></property>
		<property name="user" value="${jdbc.username}"></property>
		<property name="password" value="${jdbc.password}"></property>
		<property name="maxPoolSize" value="40"></property>
		<property name="minPoolSize" value="1"></property>
		<property name="initialPoolSize" value="1"></property>
		<property name="maxIdleTime" value="20"></property>
	</bean>

	<bean id="jdbcTemplate" class="org.springframework.jdbc.core.JdbcTemplate">
		<property name="dataSource" ref="dataSource" />
	</bean>

	<!-- 定义Hibernate的SessionFactory -->
	<!-- 依赖注入数据源，注入正是上面定义的dataSource -->
	<bean id="sessionFactory"
		class="org.springframework.orm.hibernate4.LocalSessionFactoryBean">
		<property name="dataSource">
			<ref bean="dataSource" />
		</property>
		<!-- mappingResouces属性用来列出全部映射文件 -->
		<property name="mappingResources">
			<list>
				<value>com/hkbn/es/entity/BcCus.hbm.xml</value>
				<value>com/hkbn/es/entity/BcCusContact.hbm.xml</value>
				<value>com/hkbn/es/entity/BcnAddrMaint.hbm.xml</value>
			</list>
		</property>
		<!-- 配置文件指定数据库方言、是否自动建表 是否生成SQL语句等 -->
		<property name="configLocation" value="classpath:hibernate.cfg.xml" />
	</bean>

	<!-- 开启注解事务 只对当前配置文件有效 -->
	<tx:annotation-driven transaction-manager="txManager" />

	<!-- HibernateTransactionManager -->
	<bean id="txManager"
		class="org.springframework.orm.hibernate4.HibernateTransactionManager">
		<property name="sessionFactory" ref="sessionFactory" />
	</bean>

	<tx:advice id="txAdvice" transaction-manager="txManager">
		<tx:attributes>
			<tx:method name="save*" propagation="REQUIRED" />
			<tx:method name="add*" propagation="REQUIRED" />
			<tx:method name="create*" propagation="REQUIRED" />
			<tx:method name="insert*" propagation="REQUIRED" />
			<tx:method name="update*" propagation="REQUIRED" />
			<tx:method name="merge*" propagation="REQUIRED" />
			<tx:method name="del*" propagation="REQUIRED" />
			<tx:method name="remove*" propagation="REQUIRED" />
			<tx:method name="put*" propagation="REQUIRED" />
			<tx:method name="use*" propagation="REQUIRED" />
			<!--hibernate4必须配置为开启事务 否则 getCurrentSession()获取不到 -->
			<tx:method name="get*" propagation="REQUIRED" read-only="true" />
			<tx:method name="count*" propagation="REQUIRED" read-only="true" />
			<tx:method name="find*" propagation="REQUIRED" read-only="true" />
			<tx:method name="list*" propagation="REQUIRED" read-only="true" />
			<tx:method name="*" read-only="true" />
		</tx:attributes>
	</tx:advice>
	<aop:config expose-proxy="true">
		<!-- 只对业务逻辑层实施事务 -->
		<aop:pointcut id="allServiceMethod"
			expression="execution(* com.hkbn.es.service..*.*(..))" />
		<aop:advisor advice-ref="txAdvice" pointcut-ref="allServiceMethod" />
	</aop:config>
</beans>
