<?xml version="1.0" encoding="UTF-8"?>
<beans xmlns="http://www.springframework.org/schema/beans"
	xmlns:xsi="http://www.w3.org/2001/XMLSchema-instance" xmlns:aop="http://www.springframework.org/schema/aop"
	xmlns:p="http://www.springframework.org/schema/p" xmlns:tx="http://www.springframework.org/schema/tx"
	xsi:schemaLocation="http://www.springframework.org/schema/beans http://www.springframework.org/schema/beans/spring-beans-4.0.xsd
		http://www.springframework.org/schema/aop http://www.springframework.org/schema/aop/spring-aop-4.0.xsd
		http://www.springframework.org/schema/tx http://www.springframework.org/schema/tx/spring-tx-4.0.xsd">

	<!-- Dao -->
	<bean id="baseDaoImpl" class="com.hkbn.es.dao.impl.BaseDaoImpl">
		<property name="sessionFactory" ref="sessionFactory" />
		<property name="jdbcTemplate" ref="jdbcTemplate" />
	</bean>
	<bean id="bcCusDaoImpl" class="com.hkbn.es.dao.impl.BcCusDaoImpl"
		parent="baseDaoImpl">
	</bean>
	<bean id="bcnAddrMaintDaoImpl" class="com.hkbn.es.dao.impl.BcnAddrMaintDaoImpl"
		parent="baseDaoImpl">
	</bean>
	<bean id="bcCusOptDaoImpl" class="com.hkbn.es.dao.impl.BcCusOptDaoImpl"
		parent="baseDaoImpl">
	</bean>

</beans>
