<?xml version="1.0" encoding="utf-8"?>
<!DOCTYPE hibernate-mapping PUBLIC "-//Hibernate/Hibernate Mapping DTD 3.0//EN"
"http://hibernate.sourceforge.net/hibernate-mapping-3.0.dtd">
<!-- Mapping file autogenerated by MyEclipse Persistence Tools -->
<hibernate-mapping>
	<class name="com.hkbn.es.entity.BcCus" table="BC_CUS" schema="INC">
		<id name="pps" type="java.lang.String">
			<column name="PPS" length="10" />
			<generator class="assigned" />
		</id>
		<property name="company" type="java.lang.String">
			<column name="COMPANY" length="100" not-null="true" />
		</property>
		<property name="brno" type="java.lang.String">
			<column name="BRNO" length="20" />
		</property>
		<property name="createDate" type="java.util.Date">
			<column name="CREATE_DATE" length="7" not-null="true" />
		</property>
		<property name="amendDate" type="java.util.Date">
			<column name="AMEND_DATE" length="7" />
		</property>
		<property name="staffCreate" type="java.lang.String">
			<column name="STAFF_CREATE" length="30" not-null="true" />
		</property>
		<property name="staffAmend" type="java.lang.String">
			<column name="STAFF_AMEND" length="30" />
		</property>
		<property name="program" type="java.lang.String">
			<column name="PROGRAM" length="30" not-null="true" />
		</property>
		<property name="ctiCusType" type="java.lang.String">
			<column name="CTI_CUS_TYPE" length="10" not-null="true" />
		</property>
		<property name="ctiOd" type="java.lang.String">
			<column name="CTI_OD" length="1" not-null="true" />
		</property>
		<property name="telephone" type="java.lang.String">
			<column name="TELEPHONE" length="10" />
		</property>
		<property name="iddAc" type="java.lang.String">
			<column name="IDD_AC" length="20" />
		</property>
		<property name="creLimit" type="java.lang.Long">
			<column name="CRE_LIMIT" precision="22" scale="0" />
		</property>
		<property name="previousIsp" type="java.lang.String">
			<column name="PREVIOUS_ISP" length="30" />
		</property>
		<property name="prevIntConn" type="java.lang.String">
			<column name="PREV_INT_CONN" length="20" />
		</property>
		<property name="status" type="java.lang.String">
			<column name="STATUS" length="2" />
		</property>
		<property name="vip" type="java.lang.Long">
			<column name="VIP" precision="22" scale="0" />
		</property>
		<property name="companyChinese" type="java.lang.String">
			<column name="COMPANY_CHINESE" length="200" />
		</property>
		<property name="tender" type="java.lang.String">
			<column name="TENDER" length="2" />
		</property>
		<property name="premium" type="java.lang.String">
			<column name="PREMIUM" length="1" />
		</property>
		<property name="nickname" type="java.lang.String">
			<column name="NICKNAME" length="100" />
		</property>
		<property name="wholesaleFlag" type="java.lang.String">
			<column name="WHOLESALE_FLAG" length="1" />
		</property>
	</class>
</hibernate-mapping>
