<?xml version="1.0" encoding="utf-8"?>
<!DOCTYPE hibernate-mapping PUBLIC "-//Hibernate/Hibernate Mapping DTD 3.0//EN"
"http://hibernate.sourceforge.net/hibernate-mapping-3.0.dtd">
<!-- Mapping file autogenerated by MyEclipse Persistence Tools -->
<hibernate-mapping>
	<class name="com.hkbn.es.entity.BcCusContact" table="BC_CUS_CONTACT"
		schema="INC">
		<id name="contactCode" type="java.lang.Long">
			<column name="CONTACT_CODE" precision="22" scale="0" />
			<generator class="sequence">
				<param name="sequence">
					SEQ_BC_CUS_CONTACT
				</param>
			</generator>
		</id>
		<property name="pps" type="java.lang.String">
			<column name="PPS" length="10" not-null="true" />
		</property>
		<property name="contactPerson" type="java.lang.String">
			<column name="CONTACT_PERSON" length="50" not-null="true" />
		</property>
		<property name="telephone" type="java.lang.String">
			<column name="TELEPHONE" length="10" />
		</property>
		<property name="mobile" type="java.lang.String">
			<column name="MOBILE" length="10" />
		</property>
		<property name="fax" type="java.lang.String">
			<column name="FAX" length="10" />
		</property>
		<property name="emailAddress" type="java.lang.String">
			<column name="EMAIL_ADDRESS" length="100" />
		</property>
		<property name="type" type="java.lang.String">
			<column name="TYPE" length="1" not-null="true" />
		</property>
		<property name="staffCreate" type="java.lang.String">
			<column name="STAFF_CREATE" length="30" not-null="true" />
		</property>
		<property name="createDate" type="java.util.Date">
			<column name="CREATE_DATE" length="7" not-null="true" />
		</property>
		<property name="staffAmend" type="java.lang.String">
			<column name="STAFF_AMEND" length="30" />
		</property>
		<property name="amendDate" type="java.util.Date">
			<column name="AMEND_DATE" length="7" />
		</property>
		<property name="hkid" type="java.lang.String">
			<column name="HKID" length="10" />
		</property>
		<property name="homeTel" type="java.lang.String">
			<column name="HOME_TEL" length="10" />
		</property>
	</class>
</hibernate-mapping>
