<?xml version="1.0" encoding="utf-8"?>
<!DOCTYPE hibernate-mapping PUBLIC "-//Hibernate/Hibernate Mapping DTD 3.0//EN"
"http://hibernate.sourceforge.net/hibernate-mapping-3.0.dtd">
<!-- Mapping file autogenerated by MyEclipse Persistence Tools -->
<hibernate-mapping>
	<class name="com.hkbn.es.entity.BcnAddrMaint" table="BCN_ADDR_MAINT"
		schema="INC">
		<id name="maintCode" type="java.lang.Long">
			<column name="MAINT_CODE" precision="22" scale="0" />
			<generator class="sequence">
				<param name="sequence">
					seq_bcn_addr_maint
				</param>
			</generator>
		</id>
		<property name="buildCode" type="java.lang.String">
			<column name="BUILD_CODE" length="9" />
		</property>
		<property name="pps" type="java.lang.String">
			<column name="PPS" length="10" />
		</property>
		<property name="cusPlanCode" type="java.lang.Long">
			<column name="CUS_PLAN_CODE" precision="22" scale="0" />
		</property>
		<property name="addr1" type="java.lang.String">
			<column name="ADDR1" length="100" />
		</property>
		<property name="addr2" type="java.lang.String">
			<column name="ADDR2" length="100" />
		</property>
		<property name="addr3" type="java.lang.String">
			<column name="ADDR3" length="100" />
		</property>
		<property name="addr4" type="java.lang.String">
			<column name="ADDR4" length="100" />
		</property>
		<property name="circuitNo" type="java.lang.String">
			<column name="CIRCUIT_NO" length="5" />
		</property>
		<property name="lineNo" type="java.lang.Long">
			<column name="LINE_NO" precision="22" scale="0" />
		</property>
		<property name="startDate" type="java.util.Date">
			<column name="START_DATE" length="7" />
		</property>
		<property name="endDate" type="java.util.Date">
			<column name="END_DATE" length="7" />
		</property>
		<property name="staffCreate" type="java.lang.String">
			<column name="STAFF_CREATE" length="30" />
		</property>
		<property name="staffAmend" type="java.lang.String">
			<column name="STAFF_AMEND" length="30" />
		</property>
		<property name="createDate" type="java.util.Date">
			<column name="CREATE_DATE" length="7" />
		</property>
		<property name="currAddr" type="java.lang.String">
			<column name="CURR_ADDR" length="2" />
		</property>
		<property name="addrType" type="java.lang.String">
			<column name="ADDR_TYPE" length="2" />
		</property>
		<property name="floor" type="java.lang.String">
			<column name="FLOOR" length="10" />
		</property>
		<property name="flatRm" type="java.lang.String">
			<column name="FLAT_RM" length="15" />
		</property>
		<property name="addrCode" type="java.lang.Long">
			<column name="ADDR_CODE" precision="22" scale="0" />
		</property>
		<property name="amendDate" type="java.util.Date">
			<column name="AMEND_DATE" length="7" />
		</property>
		<property name="region" type="java.lang.String">
			<column name="REGION" length="10" />
		</property>
		<property name="addr5" type="java.lang.String">
			<column name="ADDR5" length="40" />
		</property>
		<property name="item1Opt" type="java.lang.Long">
			<column name="ITEM1_OPT" precision="22" scale="0" />
		</property>
		<property name="item1Val" type="java.lang.String">
			<column name="ITEM1_VAL" length="10" />
		</property>
		<property name="item2Opt" type="java.lang.Long">
			<column name="ITEM2_OPT" precision="22" scale="0" />
		</property>
		<property name="item2Val" type="java.lang.String">
			<column name="ITEM2_VAL" length="10" />
		</property>
		<property name="item3Opt" type="java.lang.Long">
			<column name="ITEM3_OPT" precision="22" scale="0" />
		</property>
		<property name="item3Val" type="java.lang.String">
			<column name="ITEM3_VAL" length="10" />
		</property>
		<property name="item4Opt" type="java.lang.Long">
			<column name="ITEM4_OPT" precision="22" scale="0" />
		</property>
		<property name="item4Val" type="java.lang.String">
			<column name="ITEM4_VAL" length="10" />
		</property>
		<property name="item5Opt" type="java.lang.Long">
			<column name="ITEM5_OPT" precision="22" scale="0" />
		</property>
		<property name="item5Val" type="java.lang.String">
			<column name="ITEM5_VAL" length="10" />
		</property>
		<property name="streetNo" type="java.lang.String">
			<column name="STREET_NO" length="10" />
		</property>
		<property name="correctMatch" type="java.lang.String">
			<column name="CORRECT_MATCH" length="2" />
		</property>
		<property name="block" type="java.lang.String">
			<column name="BLOCK" length="40" />
		</property>
		<property name="contactPerson" type="java.lang.String">
			<column name="CONTACT_PERSON" length="50" />
		</property>
		<property name="telephone" type="java.lang.String">
			<column name="TELEPHONE" length="10" />
		</property>
		<property name="company" type="java.lang.String">
			<column name="COMPANY" length="100" />
		</property>
		<!-- <property name="contactCode" type="java.lang.Long"> <column name="CONTACT_CODE" 
			precision="22" scale="0" /> </property> -->
	</class>
</hibernate-mapping>
